;Fmax;Aire
0;524.0175005120016;-3.6558069098197364e-07
