;Fmax;Aire
0;499.67384960880895;-3.9383731866034524e-07
