;Fmax;Aire
0;511.3067566713715;-3.7585821627096634e-07
