;Fmax;Aire
0;491.40979850117634;-4.0168844608638706e-07
