;Fmax;Aire
0;514.7737122423308;-3.9713286471496576e-07
