;Fmax;Aire
0;510.10782795091865;-1.6720469833547178e-07
