;Fmax;Aire
0;519.1856589756626;-3.6588516820380417e-07
