;Fmax;Aire
0;519.1694677637981;-2.991522219825417e-07
