;Fmax;Aire
0;503.3794779002922;-1.5712024944133084e-07
