;Fmax;Aire
0;510.94139515729523;-2.122801651390293e-07
