;Fmax;Aire
0;523.0192040635247;-1.7478553785361678e-07
