;Fmax;Aire
0;515.9273857155705;-2.1617534414382566e-07
